{
  "version": 1,
  "author": "Subhajyoti Saha",
  "editor": "wokwi",
  "parts": [
    { "type": "wokwi-arduino-mega", "id": "mega", "top": 6.05, "left": -83.64, "attrs": {} },
    {
      "type": "wokwi-dht22",
      "id": "dht1",
      "top": -327.31,
      "left": -563.93,
      "attrs": { "temperature": "15.6", "humidity": "56.5" }
    },
    { "type": "wokwi-servo", "id": "servo1", "top": -324.66, "left": -480.57, "attrs": {} },
    { "type": "wokwi-servo", "id": "servo2", "top": -325.04, "left": 359.77, "attrs": {} },
    { "type": "wokwi-servo", "id": "servo3", "top": 637.73, "left": -504.83, "attrs": {} },
    { "type": "wokwi-servo", "id": "servo4", "top": 723.51, "left": 416.67, "attrs": {} },
    {
      "type": "wokwi-photoresistor-sensor",
      "id": "ldr1",
      "top": -361.49,
      "left": -157.25,
      "attrs": {}
    },
    { "type": "wokwi-lcd1602", "id": "lcd1", "top": 228.46, "left": 128.34, "attrs": {} },
    {
      "type": "wokwi-dht22",
      "id": "dht2",
      "top": -308.02,
      "left": 565.8,
      "attrs": { "humidity": "69", "temperature": "54.9" }
    },
    {
      "type": "wokwi-dht22",
      "id": "dht3",
      "top": 624.62,
      "left": 629,
      "attrs": { "temperature": "42.2", "humidity": "71" }
    },
    {
      "type": "wokwi-dht22",
      "id": "dht4",
      "top": 576.76,
      "left": -607.64,
      "attrs": { "temperature": "80", "humidity": "100" }
    }
  ],
  "connections": [
    [ "servo1:GND", "mega:GND.1", "black", [ "h-10.96", "v176.65", "h13.09" ] ],
    [ "servo1:V+", "mega:5V", "red", [ "h-7.47", "v150.57", "h-68.95", "v290.63", "h1.75" ] ],
    [ "servo1:PWM", "mega:4", "green", [ "h-0.49", "v137.57", "h246.99", "v16.58" ] ],
    [ "servo4:GND", "mega:GND.1", "black", [ "h3", "v-450", "h-337.76" ] ],
    [ "servo2:GND", "mega:GND.1", "black", [ "h4.74", "v148.72", "h-191.13" ] ],
    [ "servo3:V+", "mega:5V", "red", [ "h-24.93", "v-123.48", "h240.01" ] ],
    [ "servo4:V+", "mega:5V", "red", [ "h0" ] ],
    [ "servo2:V+", "mega:5V", "red", [ "h-0.5", "v193.33", "h-417.18", "v271.43", "h271.43" ] ],
    [ "ldr1:DO", "ldr1:AO", "green", [ "h0" ] ],
    [ "ldr1:DO", "mega:8", "green", [ "h13.4", "v133.24", "h-201.61" ] ],
    [ "ldr1:AO", "mega:A0", "green", [ "h-5.8", "v125.29", "h-470.42", "v329.03", "h336.01" ] ],
    [ "ldr1:GND", "mega:GND.1", "black", [ "h32.6", "v128.2", "h-258.34", "v0.87" ] ],
    [ "lcd1:VSS", "mega:GND.1", "green", [ "v13.75", "h-337.2", "v-406.51", "h258.08" ] ],
    [ "lcd1:VDD", "mega:5V", "red", [ "v24.15", "h-189.77", "v-187.18", "h145.59" ] ],
    [ "lcd1:RS", "mega:12", "green", [ "v31.71", "h280.93", "v-418.8", "h-372.47" ] ],
    [
      "lcd1:RW",
      "mega:GND.1",
      "black",
      [ "v41.17", "h-224.44", "v-86.97", "h-131.41", "v-361.13", "h235.4" ]
    ],
    [ "lcd1:E", "mega:11", "green", [ "v45.89", "h-300.12", "v-448.1", "h207.98" ] ],
    [ "lcd1:D4", "mega:10", "green", [ "v47.78", "h-354.74", "v-440.54", "h207.98" ] ],
    [ "lcd1:D5", "mega:9", "green", [ "v50.62", "h-354.78", "v-434.87", "h219.32" ] ],
    [ "lcd1:D6", "mega:21", "green", [ "v47.99", "h202.74", "v-447.72", "h-9.3" ] ],
    [ "lcd1:D7", "mega:20", "green", [ "v44.01", "h182.61", "v-442.41", "h-172.71" ] ],
    [ "lcd1:A", "mega:5V", "red", [ "v55.96", "h-430.55", "v-224.53", "h259.07" ] ],
    [ "lcd1:K", "mega:GND.1", "black", [ "v62.61", "h-428.1", "v-487.58", "h204.6", "v-2.66" ] ],
    [ "servo2:PWM", "mega:5", "green", [ "h-124.22", "v140.15", "h-185.41" ] ],
    [ "servo3:PWM", "mega:6", "green", [ "h-70.09", "v-498.98", "h406.13" ] ],
    [
      "servo4:PWM",
      "mega:7",
      "green",
      [ "h-320.73", "v-19.2", "h-385.28", "v-463.67", "h406.96" ]
    ],
    [ "dht2:VCC", "mega:5V", "red", [ "v283.74", "h-432.84" ] ],
    [ "dht3:VCC", "mega:5V", "red", [ "v49.81", "h77.16", "v-327.05", "h-602.17" ] ],
    [
      "dht3:GND",
      "mega:GND.1",
      "black",
      [ "v32.5", "h97.47", "v-389.38", "h-20.05", "v-177.32", "h-681.7" ]
    ],
    [ "dht4:VCC", "mega:5V", "red", [ "v38.15", "h-149.29", "v-485.77", "h407.14" ] ],
    [ "dht4:GND", "mega:GND.1", "black", [ "v44.26", "h-209.13", "v-726.91", "h377.44" ] ],
    [ "dht1:VCC", "mega:5V", "red", [ "v399.63", "h279.23" ] ],
    [ "dht4:SDA", "mega:2", "green", [ "v20.42", "h-105.33", "v-726.59", "h418.22" ] ],
    [ "dht3:SDA", "mega:3", "green", [ "v39.53", "h101.97", "v-558.51", "h-586.3" ] ],
    [ "mega:GND.1", "dht2:GND", "black", [ "v-74.01", "h522.3", "v3.66" ] ],
    [ "mega:GND.1", "dht1:GND", "black", [ "v-158.65", "h-200.44", "v-42.58" ] ],
    [ "servo3:GND", "mega:GND.1", "black", [ "h-53.11", "v-555.55", "h293.93" ] ],
    [
      "ldr1:VCC",
      "mega:5V",
      "red",
      [ "h64.42", "v-1.38", "h558.3", "v909.38", "h-828.89", "v-321.97", "h15.41" ]
    ],
    [ "dht1:SDA", "mega:27", "green", [ "v73.34", "h575.86", "v166.19" ] ],
    [ "dht2:SDA", "mega:29", "green", [ "v0" ] ]
  ]
}